{
  "version": 1,
  "author": "Anonymous maker",
  "editor": "wokwi",
  "parts": [
    { "type": "wokwi-arduino-uno", "id": "uno", "top": 0, "left": 0, "attrs": {} },
    {
      "type": "wokwi-led",
      "id": "led1",
      "top": -99.6,
      "left": 99.8,
      "attrs": { "color": "blue", "flip": "" }
    },
    {
      "type": "wokwi-led",
      "id": "led2",
      "top": -147.6,
      "left": 99.8,
      "attrs": { "color": "red" }
    }
  ],
  "connections": [
    [ "uno:GND.1", "led1:C", "black", [ "v0" ] ],
    [ "led1:A", "uno:2", "green", [ "v9.6", "h115.2" ] ],
    [ "led2:C", "uno:GND.1", "green", [ "v0", "h-18.8", "v96", "h19.2" ] ],
    [ "led2:A", "uno:2", "green", [ "v0", "h105.6" ] ]
  ],
  "dependencies": {}
}